{
  "MSE": 0.0026753752026706934,
  "RMSE": 0.051724029257886446,
  "MAE": 0.023636318743228912,
  "RelErr_%": 8.815725147724152
}